Alexandre,Lambert,MARSEILLE,13001,04.89.73.57.01,,
Alexandre,Le Ruiz,MARSEILLE,13002,04.68.14.33.59,alexandre.le-ruiz@server.fr,agriculteur
Alexandre,Marchal,MONTPELLIER,34070,04.08.73.00.09,alexandre.marchal@server.fr,
Alexandre,Marechal,,,04.17.09.84.10,alexandre.marechal@server.fr,
Alexandre,Robert,,,04.57.43.03.13,alexandre.robert@server.fr,
Alexandre,Rolland,LYON,69003,04.71.46.90.17,alexandre.rolland@server.fr,
Alexandre,Roussel de la Rodrigues,NICE,6200,04.27.43.25.10,alexandre.roussel-de-la-rodrigues@server.fr,
Alexandre-Gilbert,Lesage,PARIS,75008,01.63.00.32.86,alexandre-gilbert.lesage@server.fr,
Alexandre-Luc,Daniel,PARIS,75004,01.88.19.10.32,alexandre-luc.daniel@server.fr,journaliste
Alexandre-Marcel,Toussaint,NICE,6200,04.23.98.14.31,alexandre-marcel.toussaint@server.fr,technicien
,Barbier-Ramos,LYON,69001,04.40.59.10.79,,journaliste
Alexandria,Bazin,,,04.12.05.72.76,alexandria.bazin@server.fr,
,Bernier,,,04.32.82.55.94,alexandria.bernier@server.fr,architecte
Alexandria,Bodin,,,04.37.81.65.90,alexandria.bodin@server.fr,journaliste
Alexandria,Colin,MARSEILLE,13010,04.09.41.85.45,alexandria.colin@server.fr,cuisinier
Alexandria,Coulon-Texier,PARIS,75017,01.98.01.27.06,alexandria.coulon-texier@server.fr,
Alexandria,de la Baron,,,04.58.17.59.52,alexandria.de-la-baron@server.fr,journaliste
Alexandria,de la Bruneau,MARSEILLE,13016,04.11.51.02.06,alexandria.de-la-bruneau@server.fr,cuisinier
Alexandria,Diallo-Dumont,,,04.11.87.92.94,alexandria.diallo-dumont@server.fr,chef d'entreprise
Alexandria,du Coulon,PARIS,75017,01.18.91.77.95,alexandria.du-coulon@server.fr,chauffeur
Alexandria,Faure,,,04.24.19.53.02,alexandria.faure@server.fr,
Alexandria,Godard,MARSEILLE,13009,04.32.97.72.07,,
Alexandria,Gonzalez,,,04.13.62.12.82,alexandria.gonzalez@server.fr,journaliste
Alexandria,Gosselin,,,04.52.28.51.41,,medecin
Alexandria,Le Dias,MARSEILLE,13013,04.99.96.17.09,alexandria.le-dias@server.fr,journaliste
Alexandria,Lemaire Le Ramos,,,04.64.36.21.19,alexandria.lemaire-le-ramos@server.fr,informaticien
Alexandria,Mallet,TOULOUSE,31100,05.29.42.58.61,alexandria.mallet@server.fr,enseignant
Alexandria,Martins,NANTES,44200,02.55.57.55.23,alexandria.martins@server.fr,
,Masson,PARIS,75008,01.24.28.35.08,alexandria.masson@server.fr,
Alexandria,Wagner,,,03.03.38.95.91,alexandria.wagner@server.fr,
Alexandria-Agathe,Hoareau,BORDEAUX,33000,05.48.64.19.45,alexandria-agathe.hoareau@server.fr,
Alexandrie,Antoine,PARIS,75002,01.75.88.57.29,alexandrie.antoine@server.fr,medecin
Alexandrie,Aubry,,,01.01.64.64.43,alexandrie.aubry@server.fr,informaticien
Alexandrie,Bailly-Bouchet,,,05.82.35.03.16,alexandrie.bailly-bouchet@server.fr,
Alexandrie,Carlier,MARSEILLE,13014,04.00.52.13.99,alexandrie.carlier@server.fr,architecte
Alexandrie,Chretien,LILLE,59000,03.35.41.71.71,alexandrie.chretien@server.fr,
Alexandrie,de Guichard,AIX-EN-PROVENCE,13090,04.04.18.39.29,alexandrie.de-guichard@server.fr,agriculteur
Alexandrie,de la Hamel,TOULOUSE,31400,05.31.63.92.25,alexandrie.de-la-hamel@server.fr,avocat
,Guibert,NICE,6000,04.17.04.68.79,alexandrie.guibert@server.fr,informaticien
Alexandrie,Launay,,,04.34.53.22.37,alexandrie.launay@server.fr,informaticien
Alexandrie,Le Faivre,RILLIEUX LA PAPE,69140,04.31.08.19.04,alexandrie.le-faivre@server.fr,technicien
Alexandrie,Le Marchal,PARIS,75005,01.66.28.54.28,alexandrie.le-marchal@server.fr,banquier
,Le Roux-Chartier,LE HAVRE,76610,02.07.31.00.11,alexandrie.le-roux-chartier@server.fr,
Alexandrie,Marion,,,04.75.11.00.27,,
Alexandrie,Meunier,MARSEILLE,13008,04.66.78.96.52,alexandrie.meunier@server.fr,agriculteur
Alexandrie,Morel,,,04.67.41.80.33,alexandrie.morel@server.fr,
,Rocher,,,03.35.03.89.15,alexandrie.rocher@server.fr,chef d'entreprise
Alexandrie,Texier,MONTPELLIER,34070,04.41.52.37.43,alexandrie.texier@server.fr,enseignant
Alexandrie,Torres,,,01.86.98.57.29,alexandrie.torres@server.fr,chef d'entreprise
Alexandrie-Constance,Gillet,MARSEILLE,13008,04.50.15.63.01,alexandrie-constance.gillet@server.fr,militaire
Alfred,Antoine,,,05.97.93.07.96,alfred.antoine@server.fr,
Alfred,Aubry,NICE,6200,04.09.59.21.48,alfred.aubry@server.fr,
Alfred,Benoit,MARSEILLE,13001,04.71.06.04.24,alfred.benoit@server.fr,
,Benoit-Pereira,PARIS,75010,01.01.51.44.10,alfred.benoit-pereira@server.fr,comptable
Alfred,Bousquet-Maillot,BORDEAUX,33000,05.14.49.59.99,,footballeur
Alfred,Boutin,,,01.80.43.95.99,alfred.boutin@server.fr,militaire
Alfred,Boutin de Leblanc,MONTPELLIER,34070,04.60.27.85.59,alfred.boutin-de-leblanc@server.fr,avocat
Alfred,Boutin-Gosselin,MARSEILLE,13014,04.99.02.61.20,alfred.boutin-gosselin@server.fr,
Alfred,Briand,NICE,6000,04.04.56.99.19,alfred.briand@server.fr,
,Brunel du Brun,BORDEAUX,33300,05.73.69.91.78,alfred.brunel-du-brun@server.fr,
Alfred,Charles,PARIS,75010,01.75.50.81.26,alfred.charles@server.fr,technicien
Alfred,Chretien de Gillet,NANTES,44200,02.09.27.81.32,alfred.chretien-de-gillet@server.fr,chef d'entreprise
Alfred,Gros,GRENOBLE,38000,04.45.51.12.86,alfred.de-carre@server.fr,
Alfred,de la Buisson,PARIS,75008,01.90.50.93.33,alfred.de-la-buisson@server.fr,journaliste
Alfred,de la Paul,,,04.27.94.26.89,,
Alfred,de Raynaud,PARIS,75018,01.44.89.90.14,alfred.de-raynaud@server.fr,
Alfred,Gros,GRENOBLE,,04.01.46.76.88,alfred.deschamps@server.fr,barman
Alfred,du Fernandes,,,01.26.01.68.47,alfred.du-fernandes@server.fr,chercheur
Alfred,Francois,,,01.96.98.91.08,alfred.francois@server.fr,avocat
Alfred,Gros,GRENOBLE,,01.26.00.66.74,,barman
Alfred,Hoarau,,,01.16.39.74.44,alfred.hoarau@server.fr,comptable
Alfred,Gros,GRENOBLE,33200,05.36.76.30.67,alfred.jacquet@server.fr,barman
Alfred,Lagarde-Roussel,PARIS,75015,01.67.67.21.16,alfred.lagarde-roussel@server.fr,
Alfred,Gros,GRENOBLE,,05.23.20.12.09,alfred.ledoux@server.fr,barman
Alfred,Lefebvre,STRASBOURG,67200,03.91.67.54.82,alfred.lefebvre@server.fr,architecte
Alfred,Gros,STRASBOURG,67200,03.62.29.55.80,alfred.lemonnier@server.fr,agriculteur
Alfred,Maillot,,,01.28.16.52.82,alfred.maillot@server.fr,
,Marie,SAINT-DENIS,93200,01.18.06.75.31,alfred.marie@server.fr,
Alfred,Marty,MARSEILLE,13016,04.59.24.17.00,alfred.marty@server.fr,banquier
,Meunier,PARIS,75009,01.90.40.34.47,alfred.meunier@server.fr,footballeur
Alfred,Peron,,,01.33.97.96.18,alfred.peron@server.fr,
